id,company_name,industry_id,company_rating
1,TechCorp,2,3.4
2,DataFlow Inc,12,4.8
3,CloudSoft,22,4.8
4,InnovateLabs,32,3.0
5,NextGen Systems,9,2.9
6,AlphaTech,19,4.5
7,BetaSoft,7,3.7
8,GammaCorp,35,4.5
9,DeltaWorks,34,2.6
10,EpsilonDev,22,4.6
11,ZetaCloud,40,2.8
12,EtaSystems,25,2.9
13,ThetaTech,12,4.5
14,IotaLabs,50,4.0
15,KappaSoft,11,4.2
16,LambdaCorp,3,3.5
17,MuData,44,4.2
18,NuSoft,29,4.0
19,XiTech,49,4.3
20,OmicronDev,29,3.1
21,PiSystems,16,3.2
22,RhoCloud,31,4.7
23,SigmaTech,13,3.4
24,TauLabs,37,4.9
25,UpsilonSoft,30,4.3
26,PhiCorp,50,3.4
27,ChiData,34,3.5
28,PsiSoft,11,4.5
29,OmegaTech,39,2.8
30,AlphaBeta Inc,17,2.6
31,Company 31,31,4.6
32,Company 32,36,4.7
33,Company 33,46,4.5
34,Company 34,8,3.2
35,Company 35,49,2.9
36,Company 36,29,4.7
37,Company 37,10,4.5
38,Company 38,6,4.8
39,Company 39,15,4.5
40,Company 40,23,4.7
41,Company 41,27,2.6
42,Company 42,33,3.4
43,Company 43,25,4.9
44,Company 44,24,3.0
45,Company 45,21,4.7
46,Company 46,46,4.1
47,Company 47,10,2.8
48,Company 48,19,4.7
49,Company 49,31,4.2
50,Company 50,9,4.3
51,Company 51,31,3.6
52,Company 52,1,4.7
53,Company 53,2,3.1
54,Company 54,10,3.8
55,Company 55,47,4.0
56,Company 56,28,2.8
57,Company 57,19,3.1
58,Company 58,8,2.6
59,Company 59,27,4.0
60,Company 60,40,3.6
61,Company 61,8,4.5
62,Company 62,32,3.9
63,Company 63,2,4.0
64,Company 64,37,3.1
65,Company 65,10,3.2
66,Company 66,1,4.0
67,Company 67,16,3.9
68,Company 68,12,4.1
69,Company 69,6,3.8
70,Company 70,24,2.7
71,Company 71,34,3.8
72,Company 72,33,3.8
73,Company 73,25,4.6
74,Company 74,3,4.0
75,Company 75,24,3.1
76,Company 76,2,3.4
77,Company 77,5,3.3
78,Company 78,47,4.1
79,Company 79,7,4.4
80,Company 80,48,4.3
81,Company 81,9,2.6
82,Company 82,35,3.3
83,Company 83,42,2.9
84,Company 84,50,4.1
85,Company 85,45,3.6
86,Company 86,12,4.4
87,Company 87,5,4.2
88,Company 88,30,2.6
89,Company 89,13,2.6
90,Company 90,13,4.6
91,Company 91,21,4.7
92,Company 92,33,3.5
93,Company 93,35,3.6
94,Company 94,3,4.3
95,Company 95,13,3.2
96,Company 96,50,2.6
97,Company 97,42,3.3
98,Company 98,8,4.4
99,Company 99,28,4.6
100,Company 100,48,3.6
101,Company 101,25,3.3
102,Company 102,12,3.7
103,Company 103,32,3.4
104,Company 104,34,3.1
105,Company 105,6,4.2
106,Company 106,6,3.5
107,Company 107,12,3.8
108,Company 108,21,2.7
109,Company 109,21,4.1
110,Company 110,20,3.6
111,Company 111,46,3.5
112,Company 112,45,3.6
113,Company 113,29,2.6
114,Company 114,23,4.0
115,Company 115,28,3.2
116,Company 116,4,2.7
117,Company 117,41,3.5
118,Company 118,33,4.4
119,Company 119,44,2.9
120,Company 120,2,2.8
121,Company 121,39,4.1
122,Company 122,29,2.6
123,Company 123,5,3.1
124,Company 124,42,3.4
125,Company 125,25,4.8
126,Company 126,3,4.0
127,Company 127,44,3.6
128,Company 128,24,3.4
129,Company 129,49,2.7
130,Company 130,9,3.8
131,Company 131,26,3.3
132,Company 132,18,3.1
133,Company 133,8,2.6
134,Company 134,12,3.7
135,Company 135,25,4.7
136,Company 136,8,3.1
137,Company 137,17,4.2
138,Company 138,14,4.9
139,Company 139,19,4.2
140,Company 140,32,3.0
141,Company 141,9,4.5
142,Company 142,29,2.9
143,Company 143,46,3.6
144,Company 144,6,4.4
145,Company 145,21,4.1
146,Company 146,46,2.7
147,Company 147,35,3.2
148,Company 148,20,4.5
149,Company 149,46,4.2
150,Company 150,45,4.0
151,Company 151,24,3.7
152,Company 152,8,4.9
153,Company 153,9,3.1
154,Company 154,32,2.6
155,Company 155,36,3.9
156,Company 156,30,4.4
157,Company 157,36,2.8
158,Company 158,6,2.7
159,Company 159,26,4.9
160,Company 160,47,3.6
161,Company 161,27,4.3
162,Company 162,37,2.7
163,Company 163,21,4.0
164,Company 164,29,3.6
165,Company 165,34,3.3
166,Company 166,50,3.8
167,Company 167,38,2.9
168,Company 168,9,3.5
169,Company 169,4,4.5
170,Company 170,34,2.9
171,Company 171,11,2.9
172,Company 172,46,3.0
173,Company 173,34,4.6
174,Company 174,6,3.1
175,Company 175,41,4.8
176,Company 176,18,2.8
177,Company 177,20,4.0
178,Company 178,6,3.7
179,Company 179,11,3.9
180,Company 180,38,2.9
181,Company 181,43,4.0
182,Company 182,39,3.3
183,Company 183,37,2.6
184,Company 184,2,2.7
185,Company 185,42,4.4
186,Company 186,17,4.1
187,Company 187,50,3.9
188,Company 188,40,4.0
189,Company 189,32,4.6
190,Company 190,35,3.2
191,Company 191,20,3.7
192,Company 192,44,3.5
193,Company 193,30,2.7
194,Company 194,4,2.9
195,Company 195,27,3.7
196,Company 196,14,3.3
197,Company 197,10,3.3
198,Company 198,46,3.3
199,Company 199,23,4.8
200,Company 200,9,4.3
201,Company 201,33,3.8
202,Company 202,21,3.1
203,Company 203,8,3.1
204,Company 204,16,2.8
205,Company 205,4,3.2
206,Company 206,25,4.6
207,Company 207,27,3.1
208,Company 208,11,4.5
209,Company 209,37,4.2
210,Company 210,13,4.3
211,Company 211,32,4.9
212,Company 212,30,3.7
213,Company 213,20,3.7
214,Company 214,6,4.8
215,Company 215,33,3.6
216,Company 216,16,3.0
217,Company 217,23,2.6
218,Company 218,19,3.7
219,Company 219,42,4.1
220,Company 220,19,3.8
221,Company 221,7,3.5
222,Company 222,17,4.2
223,Company 223,49,3.5
224,Company 224,3,3.5
225,Company 225,37,3.8
226,Company 226,24,3.8
227,Company 227,5,3.4
228,Company 228,29,4.3
229,Company 229,18,4.5
230,Company 230,40,4.1
231,Company 231,8,2.8
232,Company 232,7,3.4
233,Company 233,22,3.8
234,Company 234,24,4.3
235,Company 235,13,3.9
236,Company 236,26,3.7
237,Company 237,3,2.6
238,Company 238,46,3.3
239,Company 239,31,3.7
240,Company 240,10,4.0
241,Company 241,33,2.8
242,Company 242,40,3.3
243,Company 243,26,4.9
244,Company 244,48,4.5
245,Company 245,38,3.3
246,Company 246,33,3.8
247,Company 247,46,3.9
248,Company 248,31,4.5
249,Company 249,24,3.3
250,Company 250,8,4.9
251,Company 251,38,3.2
252,Company 252,47,4.6
253,Company 253,41,2.6
254,Company 254,31,3.1
255,Company 255,42,4.4
256,Company 256,50,3.9
257,Company 257,15,4.2
258,Company 258,38,3.7
259,Company 259,34,4.0
260,Company 260,40,4.4
261,Company 261,25,2.9
262,Company 262,44,3.1
263,Company 263,37,4.8
264,Company 264,8,3.0
265,Company 265,29,3.3
266,Company 266,10,3.5
267,Company 267,14,3.5
268,Company 268,50,4.0
269,Company 269,31,4.6
270,Company 270,48,4.2
271,Company 271,46,2.8
272,Company 272,14,3.8
273,Company 273,43,3.6
274,Company 274,25,3.3
275,Company 275,12,3.6
276,Company 276,35,3.3
277,Company 277,23,4.1
278,Company 278,47,4.1
279,Company 279,45,3.1
280,Company 280,31,3.0
281,Company 281,16,3.2
282,Company 282,20,3.0
283,Company 283,20,4.4
284,Company 284,46,3.0
285,Company 285,46,3.7
286,Company 286,31,3.3
287,Company 287,47,3.2
288,Company 288,8,3.9
289,Company 289,35,3.4
290,Company 290,26,4.5
291,Company 291,50,4.4
292,Company 292,19,2.6
293,Company 293,46,2.7
294,Company 294,29,4.1
295,Company 295,48,3.6
296,Company 296,13,4.5
297,Company 297,18,4.7
298,Company 298,45,3.2
299,Company 299,7,4.0
300,Company 300,38,3.1
301,Company 301,4,4.1
302,Company 302,34,3.0
303,Company 303,15,2.6
304,Company 304,27,3.3
305,Company 305,31,2.7
306,Company 306,50,2.8
307,Company 307,36,4.8
308,Company 308,11,3.5
309,Company 309,31,3.6
310,Company 310,13,4.3
311,Company 311,19,3.3
312,Company 312,42,2.6
313,Company 313,50,2.7
314,Company 314,37,3.1
315,Company 315,48,4.2
316,Company 316,3,4.7
317,Company 317,12,3.5
318,Company 318,12,4.7
319,Company 319,3,4.9
320,Company 320,26,4.4
321,Company 321,12,4.7
322,Company 322,19,4.6
323,Company 323,1,3.2
324,Company 324,39,2.8
325,Company 325,22,3.2
326,Company 326,42,3.8
327,Company 327,32,4.6
328,Company 328,9,4.5
329,Company 329,30,3.2
330,Company 330,8,3.3
331,Company 331,47,3.6
332,Company 332,17,4.2
333,Company 333,1,4.3
334,Company 334,19,3.9
335,Company 335,49,3.0
336,Company 336,40,4.6
337,Company 337,26,4.5
338,Company 338,33,3.3
339,Company 339,26,4.1
340,Company 340,12,4.9
341,Company 341,31,3.3
342,Company 342,16,2.5
343,Company 343,25,3.1
344,Company 344,49,3.1
345,Company 345,22,3.2
346,Company 346,47,3.9
347,Company 347,17,4.1
348,Company 348,45,3.1
349,Company 349,43,2.8
350,Company 350,20,2.9
351,Company 351,44,3.7
352,Company 352,46,4.3
353,Company 353,45,2.8
354,Company 354,19,3.4
355,Company 355,15,3.0
356,Company 356,9,3.6
357,Company 357,30,4.3
358,Company 358,39,3.4
359,Company 359,45,3.8
360,Company 360,31,4.3
361,Company 361,43,4.5
362,Company 362,49,3.1
363,Company 363,49,3.9
364,Company 364,6,3.8
365,Company 365,34,4.2
366,Company 366,5,4.7
367,Company 367,8,2.6
368,Company 368,36,4.7
369,Company 369,13,3.9
370,Company 370,10,2.9
371,Company 371,34,3.6
372,Company 372,44,3.0
373,Company 373,38,3.7
374,Company 374,33,3.6
375,Company 375,4,3.6
376,Company 376,33,3.5
377,Company 377,37,2.6
378,Company 378,30,4.1
379,Company 379,20,4.2
380,Company 380,26,3.1
381,Company 381,1,4.3
382,Company 382,38,2.7
383,Company 383,28,3.3
384,Company 384,5,3.8
385,Company 385,4,4.7
386,Company 386,5,4.9
387,Company 387,31,2.6
388,Company 388,27,2.9
389,Company 389,9,4.3
390,Company 390,47,4.1
391,Company 391,27,3.4
392,Company 392,25,3.6
393,Company 393,25,3.4
394,Company 394,44,4.8
395,Company 395,35,2.8
396,Company 396,23,2.8
397,Company 397,35,3.4
398,Company 398,9,4.2
399,Company 399,15,4.5
400,Company 400,49,2.6
401,Company 401,20,3.6
402,Company 402,47,3.8
403,Company 403,35,3.4
404,Company 404,15,3.1
405,Company 405,23,2.9
406,Company 406,13,4.7
407,Company 407,47,4.3
408,Company 408,3,4.4
409,Company 409,27,4.0
410,Company 410,2,3.1
411,Company 411,5,2.7
412,Company 412,3,3.6
413,Company 413,44,4.2
414,Company 414,4,3.1
415,Company 415,3,3.5
416,Company 416,15,3.8
417,Company 417,49,4.6
418,Company 418,4,2.8
419,Company 419,19,3.1
420,Company 420,47,3.9
421,Company 421,37,3.9
422,Company 422,44,4.5
423,Company 423,16,3.2
424,Company 424,10,4.9
425,Company 425,34,3.0
426,Company 426,20,3.2
427,Company 427,36,4.8
428,Company 428,48,4.7
429,Company 429,41,4.1
430,Company 430,36,3.7
431,Company 431,23,4.8
432,Company 432,43,3.4
433,Company 433,34,3.3
434,Company 434,27,3.5
435,Company 435,20,3.4
436,Company 436,49,3.8
437,Company 437,16,4.5
438,Company 438,20,4.6
439,Company 439,10,4.4
440,Company 440,4,3.8
441,Company 441,27,3.8
442,Company 442,9,3.4
443,Company 443,17,3.0
444,Company 444,42,2.7
445,Company 445,29,4.5
446,Company 446,6,3.8
447,Company 447,13,2.6
448,Company 448,25,4.1
449,Company 449,39,2.6
450,Company 450,5,3.0
451,Company 451,49,3.9
452,Company 452,43,3.8
453,Company 453,31,3.0
454,Company 454,22,3.2
455,Company 455,1,3.0
456,Company 456,13,4.8
457,Company 457,8,4.3
458,Company 458,49,3.6
459,Company 459,16,4.2
460,Company 460,46,3.0
461,Company 461,16,3.8
462,Company 462,50,3.2
463,Company 463,30,3.8
464,Company 464,23,3.2
465,Company 465,24,3.7
466,Company 466,32,3.6
467,Company 467,47,3.6
468,Company 468,21,4.7
469,Company 469,24,3.3
470,Company 470,3,3.9
471,Company 471,15,4.3
472,Company 472,2,3.1
473,Company 473,38,3.9
474,Company 474,27,3.2
475,Company 475,13,3.3
476,Company 476,25,3.9
477,Company 477,16,3.7
478,Company 478,42,4.8
479,Company 479,22,3.1
480,Company 480,32,4.8
481,Company 481,42,4.3
482,Company 482,30,2.9
483,Company 483,23,2.9
484,Company 484,47,3.8
485,Company 485,12,4.7
486,Company 486,35,4.9
487,Company 487,4,3.8
488,Company 488,5,4.8
489,Company 489,43,2.6
490,Company 490,1,3.5
491,Company 491,41,3.1
492,Company 492,46,2.9
493,Company 493,14,3.7
494,Company 494,24,2.6
495,Company 495,41,4.1
496,Company 496,40,4.7
497,Company 497,43,3.7
498,Company 498,1,3.8
499,Company 499,27,2.5
500,Company 500,34,4.2
501,Company 501,35,4.8
502,Company 502,2,3.7
503,Company 503,45,4.1
504,Company 504,12,2.8
505,Company 505,7,3.8
506,Company 506,16,3.0
507,Company 507,34,3.1
508,Company 508,23,3.1
509,Company 509,26,2.7
510,Company 510,26,3.6
511,Company 511,16,4.9
512,Company 512,15,3.2
513,Company 513,6,4.1
514,Company 514,42,4.3
515,Company 515,6,3.5
516,Company 516,25,3.8
517,Company 517,4,4.0
518,Company 518,45,2.9
519,Company 519,32,4.5
520,Company 520,42,4.4
521,Company 521,37,4.8
522,Company 522,7,4.6
523,Company 523,3,3.1
524,Company 524,45,4.6
525,Company 525,31,3.2
526,Company 526,5,4.1
527,Company 527,18,4.7
528,Company 528,37,4.1
529,Company 529,12,4.7
530,Company 530,21,2.5
531,Company 531,14,3.9
532,Company 532,49,4.5
533,Company 533,26,4.7
534,Company 534,20,2.9
535,Company 535,16,3.9
536,Company 536,25,4.1
537,Company 537,35,3.3
538,Company 538,49,4.3
539,Company 539,45,4.2
540,Company 540,33,4.3
541,Company 541,23,2.6
542,Company 542,28,3.1
543,Company 543,5,3.3
544,Company 544,50,4.0
545,Company 545,39,3.5
546,Company 546,50,3.3
547,Company 547,41,3.2
548,Company 548,29,3.7
549,Company 549,23,3.8
550,Company 550,25,3.5
551,Company 551,44,3.9
552,Company 552,25,2.7
553,Company 553,40,3.2
554,Company 554,16,4.2
555,Company 555,6,3.1
556,Company 556,25,4.2
557,Company 557,41,2.9
558,Company 558,25,3.3
559,Company 559,7,2.7
560,Company 560,20,3.6
561,Company 561,49,3.1
562,Company 562,9,2.7
563,Company 563,28,3.6
564,Company 564,36,3.7
565,Company 565,7,2.6
566,Company 566,23,3.8
567,Company 567,39,3.9
568,Company 568,21,4.6
569,Company 569,1,3.2
570,Company 570,25,4.4
571,Company 571,47,4.7
572,Company 572,16,3.9
573,Company 573,11,4.1
574,Company 574,11,2.8
575,Company 575,20,3.1
576,Company 576,10,2.7
577,Company 577,28,3.2
578,Company 578,20,3.7
579,Company 579,5,3.4
580,Company 580,16,4.2
581,Company 581,32,3.9
582,Company 582,13,3.6
583,Company 583,9,3.2
584,Company 584,26,3.3
585,Company 585,40,3.4
586,Company 586,22,3.6
587,Company 587,28,4.5
588,Company 588,42,4.8
589,Company 589,9,3.2
590,Company 590,39,4.8
591,Company 591,13,3.6
592,Company 592,12,4.8
593,Company 593,21,3.2
594,Company 594,45,4.0
595,Company 595,37,4.4
596,Company 596,21,3.4
597,Company 597,26,3.4
598,Company 598,37,3.0
599,Company 599,35,2.9
600,Company 600,50,3.8
601,Company 601,47,3.6
602,Company 602,46,3.0
603,Company 603,19,4.5
604,Company 604,5,4.5
605,Company 605,27,4.1
606,Company 606,9,4.0
607,Company 607,16,3.1
608,Company 608,10,4.2
609,Company 609,25,2.7
610,Company 610,39,3.7
611,Company 611,26,3.8
612,Company 612,45,3.5
613,Company 613,3,4.4
614,Company 614,24,4.2
615,Company 615,35,3.9
616,Company 616,6,2.8
617,Company 617,16,4.1
618,Company 618,23,2.9
619,Company 619,40,2.6
620,Company 620,42,4.1
621,Company 621,26,4.8
622,Company 622,22,4.8
623,Company 623,28,2.8
624,Company 624,7,3.1
625,Company 625,33,4.3
626,Company 626,36,3.9
627,Company 627,37,3.0
628,Company 628,24,3.4
629,Company 629,50,4.1
630,Company 630,45,3.7
631,Company 631,23,4.9
632,Company 632,31,2.8
633,Company 633,27,4.7
634,Company 634,6,2.8
635,Company 635,47,2.8
636,Company 636,20,3.3
637,Company 637,14,3.8
638,Company 638,23,3.6
639,Company 639,29,4.2
640,Company 640,29,3.3
641,Company 641,20,2.6
642,Company 642,46,2.8
643,Company 643,22,4.1
644,Company 644,44,4.4
645,Company 645,48,3.1
646,Company 646,12,3.8
647,Company 647,22,3.8
648,Company 648,30,3.1
649,Company 649,26,4.0
650,Company 650,12,4.0
651,Company 651,28,3.4
652,Company 652,48,4.0
653,Company 653,13,3.6
654,Company 654,28,3.4
655,Company 655,46,3.0
656,Company 656,18,4.3
657,Company 657,5,3.9
658,Company 658,35,2.9
659,Company 659,21,3.0
660,Company 660,8,3.1
661,Company 661,32,3.8
662,Company 662,41,3.3
663,Company 663,25,4.0
664,Company 664,38,2.8
665,Company 665,23,4.5
666,Company 666,40,2.9
667,Company 667,44,4.2
668,Company 668,20,4.7
669,Company 669,38,2.7
670,Company 670,9,3.3
671,Company 671,16,3.2
672,Company 672,12,3.4
673,Company 673,10,3.7
674,Company 674,27,3.9
675,Company 675,37,3.4
676,Company 676,12,3.7
677,Company 677,35,4.2
678,Company 678,42,4.7
679,Company 679,12,3.8
680,Company 680,32,3.2
681,Company 681,12,3.3
682,Company 682,29,4.0
683,Company 683,23,4.8
684,Company 684,32,2.8
685,Company 685,25,4.8
686,Company 686,33,4.1
687,Company 687,27,4.1
688,Company 688,27,4.2
689,Company 689,29,3.7
690,Company 690,6,3.9
691,Company 691,49,3.0
692,Company 692,3,3.2
693,Company 693,35,3.2
694,Company 694,50,3.6
695,Company 695,48,4.4
696,Company 696,32,3.8
697,Company 697,8,3.9
698,Company 698,18,4.4
699,Company 699,24,3.8
700,Company 700,49,2.6
701,Company 701,47,3.6
702,Company 702,14,4.9
703,Company 703,7,4.3
704,Company 704,42,4.3
705,Company 705,20,4.6
706,Company 706,3,3.6
707,Company 707,23,4.6
708,Company 708,6,3.6
709,Company 709,8,4.4
710,Company 710,16,3.0
711,Company 711,48,3.9
712,Company 712,23,4.6
713,Company 713,40,4.0
714,Company 714,11,4.0
715,Company 715,14,4.5
716,Company 716,4,3.9
717,Company 717,35,3.2
718,Company 718,35,2.9
719,Company 719,46,3.2
720,Company 720,37,3.1
721,Company 721,33,4.9
722,Company 722,44,4.5
723,Company 723,9,4.8
724,Company 724,27,4.7
725,Company 725,18,4.6
726,Company 726,9,4.2
727,Company 727,9,3.1
728,Company 728,46,3.3
729,Company 729,16,4.3
730,Company 730,44,3.4
731,Company 731,10,3.9
732,Company 732,18,4.0
733,Company 733,25,3.6
734,Company 734,41,4.4
735,Company 735,50,2.7
736,Company 736,33,4.3
737,Company 737,45,4.7
738,Company 738,24,3.6
739,Company 739,32,3.3
740,Company 740,1,4.6
741,Company 741,47,2.7
742,Company 742,30,4.0
743,Company 743,45,3.4
744,Company 744,5,4.4
745,Company 745,26,3.0
746,Company 746,28,4.5
747,Company 747,32,3.1
748,Company 748,19,3.3
749,Company 749,37,2.8
750,Company 750,32,4.4
751,Company 751,44,4.3
752,Company 752,3,2.7
753,Company 753,30,2.5
754,Company 754,11,3.6
755,Company 755,1,4.9
756,Company 756,28,3.0
757,Company 757,45,4.7
758,Company 758,42,3.2
759,Company 759,18,2.7
760,Company 760,24,3.1
761,Company 761,24,4.1
762,Company 762,42,2.9
763,Company 763,26,4.0
764,Company 764,47,4.2
765,Company 765,15,3.5
766,Company 766,6,4.2
767,Company 767,1,3.0
768,Company 768,5,2.8
769,Company 769,15,3.7
770,Company 770,29,2.5
771,Company 771,45,3.3
772,Company 772,8,4.9
773,Company 773,28,4.2
774,Company 774,31,2.7
775,Company 775,25,2.7
776,Company 776,7,2.7
777,Company 777,24,4.6
778,Company 778,9,3.4
779,Company 779,49,4.6
780,Company 780,42,4.9
781,Company 781,10,2.7
782,Company 782,37,2.5
783,Company 783,42,2.9
784,Company 784,23,4.2
785,Company 785,41,4.3
786,Company 786,27,4.0
787,Company 787,29,4.6
788,Company 788,6,4.7
789,Company 789,9,4.3
790,Company 790,38,4.3
791,Company 791,23,4.8
792,Company 792,21,4.4
793,Company 793,16,3.2
794,Company 794,6,3.1
795,Company 795,39,3.9
796,Company 796,39,3.2
797,Company 797,45,2.6
798,Company 798,43,4.6
799,Company 799,14,3.7
800,Company 800,33,3.0
801,Company 801,26,3.2
802,Company 802,4,4.4
803,Company 803,16,3.7
804,Company 804,8,3.1
805,Company 805,41,3.9
806,Company 806,34,4.6
807,Company 807,1,4.9
808,Company 808,21,2.8
809,Company 809,37,3.5
810,Company 810,35,4.1
811,Company 811,49,3.6
812,Company 812,50,2.7
813,Company 813,38,2.7
814,Company 814,17,3.0
815,Company 815,4,4.8
816,Company 816,26,3.7
817,Company 817,41,4.2
818,Company 818,50,3.5
819,Company 819,45,3.5
820,Company 820,41,3.8
821,Company 821,40,2.9
822,Company 822,6,3.2
823,Company 823,33,4.7
824,Company 824,10,3.8
825,Company 825,26,3.9
826,Company 826,49,4.5
827,Company 827,44,4.0
828,Company 828,20,4.2
829,Company 829,47,4.8
830,Company 830,16,2.6
831,Company 831,6,4.7
832,Company 832,8,3.6
833,Company 833,39,2.6
834,Company 834,43,4.3
835,Company 835,48,2.9
836,Company 836,1,4.2
837,Company 837,45,2.5
838,Company 838,32,4.8
839,Company 839,34,3.7
840,Company 840,47,3.1
841,Company 841,24,2.8
842,Company 842,50,4.6
843,Company 843,47,4.6
844,Company 844,50,4.7
845,Company 845,22,4.4
846,Company 846,18,3.8
847,Company 847,17,4.2
848,Company 848,37,4.0
849,Company 849,32,3.6
850,Company 850,24,2.6
851,Company 851,37,2.9
852,Company 852,11,3.1
853,Company 853,7,4.6
854,Company 854,44,4.2
855,Company 855,15,4.3
856,Company 856,1,2.6
857,Company 857,1,3.1
858,Company 858,31,3.4
859,Company 859,10,2.9
860,Company 860,3,3.8
861,Company 861,46,4.3
862,Company 862,27,3.0
863,Company 863,16,3.5
864,Company 864,47,3.3
865,Company 865,5,3.9
866,Company 866,8,3.7
867,Company 867,4,2.9
868,Company 868,34,4.9
869,Company 869,26,2.7
870,Company 870,30,4.6
871,Company 871,50,4.5
872,Company 872,21,2.7
873,Company 873,30,2.5
874,Company 874,13,3.2
875,Company 875,20,4.3
876,Company 876,16,3.6
877,Company 877,38,4.8
878,Company 878,50,4.4
879,Company 879,47,4.7
880,Company 880,49,4.4
881,Company 881,10,2.5
882,Company 882,27,2.6
883,Company 883,35,3.3
884,Company 884,45,4.6
885,Company 885,22,2.5
886,Company 886,43,3.4
887,Company 887,48,4.2
888,Company 888,7,3.0
889,Company 889,16,3.5
890,Company 890,4,4.8
891,Company 891,10,4.2
892,Company 892,6,2.6
893,Company 893,15,4.7
894,Company 894,34,3.5
895,Company 895,24,3.6
896,Company 896,48,2.7
897,Company 897,7,3.7
898,Company 898,41,4.5
899,Company 899,5,3.9
900,Company 900,4,3.5
901,Company 901,9,3.1
902,Company 902,17,4.5
903,Company 903,26,4.2
904,Company 904,48,3.3
905,Company 905,29,3.2
906,Company 906,5,4.8
907,Company 907,9,4.4
908,Company 908,38,2.8
909,Company 909,7,2.9
910,Company 910,30,3.3
911,Company 911,8,3.8
912,Company 912,50,3.0
913,Company 913,20,3.6
914,Company 914,8,2.7
915,Company 915,44,3.2
916,Company 916,46,4.2
917,Company 917,3,3.0
918,Company 918,21,2.9
919,Company 919,46,3.1
920,Company 920,23,3.5
921,Company 921,4,4.1
922,Company 922,17,4.5
923,Company 923,12,2.6
924,Company 924,26,4.6
925,Company 925,36,4.3
926,Company 926,16,2.7
927,Company 927,7,4.4
928,Company 928,9,2.8
929,Company 929,4,4.5
930,Company 930,15,2.8
931,Company 931,26,3.4
932,Company 932,41,4.8
933,Company 933,6,3.9
934,Company 934,17,4.7
935,Company 935,5,2.6
936,Company 936,5,3.0
937,Company 937,42,3.6
938,Company 938,9,2.7
939,Company 939,22,2.8
940,Company 940,30,2.6
941,Company 941,37,3.5
942,Company 942,47,3.4
943,Company 943,2,3.4
944,Company 944,28,2.9
945,Company 945,14,4.7
946,Company 946,18,3.2
947,Company 947,10,2.6
948,Company 948,40,4.0
949,Company 949,42,3.2
950,Company 950,27,4.6
951,Company 951,31,2.6
952,Company 952,18,3.4
953,Company 953,27,3.0
954,Company 954,34,3.1
955,Company 955,35,4.4
956,Company 956,25,4.4
957,Company 957,23,3.7
958,Company 958,32,3.3
959,Company 959,37,3.7
960,Company 960,25,3.1
961,Company 961,2,3.3
962,Company 962,15,2.6
963,Company 963,50,3.2
964,Company 964,31,3.8
965,Company 965,50,3.9
966,Company 966,15,4.8
967,Company 967,7,3.1
968,Company 968,16,3.1
969,Company 969,48,2.6
970,Company 970,15,3.9
971,Company 971,25,3.4
972,Company 972,12,2.9
973,Company 973,38,3.3
974,Company 974,48,4.2
975,Company 975,38,2.6
976,Company 976,45,3.3
977,Company 977,37,3.9
978,Company 978,37,4.8
979,Company 979,32,3.8
980,Company 980,12,3.7
981,Company 981,6,2.6
982,Company 982,39,3.0
983,Company 983,34,3.6
984,Company 984,22,4.7
985,Company 985,13,4.4
986,Company 986,22,4.2
987,Company 987,21,2.6
988,Company 988,10,3.9
989,Company 989,10,4.4
990,Company 990,34,4.6
991,Company 991,5,3.4
992,Company 992,43,3.4
993,Company 993,7,3.3
994,Company 994,21,2.8
995,Company 995,11,4.3
996,Company 996,28,4.4
997,Company 997,32,4.1
998,Company 998,12,4.2
999,Company 999,36,4.2
1000,Company 1000,40,4.4
1001,Company 1001,15,4.1
1002,Company 1002,12,3.4
1003,Company 1003,47,4.2
1004,Company 1004,9,2.9
1005,Company 1005,1,4.8
1006,Company 1006,37,3.4
1007,Company 1007,50,4.8
1008,Company 1008,3,2.9
1009,Company 1009,21,4.7
1010,Company 1010,40,3.0
1011,Company 1011,37,2.7
1012,Company 1012,32,2.8
1013,Company 1013,48,2.7
1014,Company 1014,23,4.9
1015,Company 1015,11,4.0
1016,Company 1016,6,4.5
1017,Company 1017,43,4.0
1018,Company 1018,22,3.6
1019,Company 1019,17,3.0
1020,Company 1020,45,2.7
1021,Company 1021,17,4.4
1022,Company 1022,47,2.5
1023,Company 1023,25,3.6
1024,Company 1024,27,4.8
1025,Company 1025,27,3.7
1026,Company 1026,25,3.3
1027,Company 1027,25,2.7
1028,Company 1028,31,4.4
1029,Company 1029,37,4.1
1030,Company 1030,44,3.0
1031,Company 1031,29,2.7
1032,Company 1032,3,3.2
1033,Company 1033,21,3.1
1034,Company 1034,7,2.7
1035,Company 1035,11,4.6
1036,Company 1036,11,4.3
1037,Company 1037,36,4.8
1038,Company 1038,6,3.3
1039,Company 1039,40,4.6
1040,Company 1040,46,2.6
1041,Company 1041,42,2.9
1042,Company 1042,28,2.9
1043,Company 1043,7,3.3
1044,Company 1044,13,3.5
1045,Company 1045,36,4.2
1046,Company 1046,47,3.8
1047,Company 1047,43,3.2
1048,Company 1048,16,2.7
1049,Company 1049,26,3.9
1050,Company 1050,32,2.9
1051,Company 1051,24,2.5
1052,Company 1052,6,3.2
1053,Company 1053,43,4.0
1054,Company 1054,31,3.0
1055,Company 1055,2,3.0
1056,Company 1056,41,3.2
1057,Company 1057,6,3.6
1058,Company 1058,8,3.2
1059,Company 1059,26,3.6
1060,Company 1060,43,3.1
1061,Company 1061,42,3.8
1062,Company 1062,12,3.4
1063,Company 1063,25,3.4
1064,Company 1064,29,2.6
1065,Company 1065,29,3.6
1066,Company 1066,15,4.5
1067,Company 1067,37,2.6
1068,Company 1068,49,4.2
1069,Company 1069,7,2.7
1070,Company 1070,23,4.4
1071,Company 1071,27,4.8
1072,Company 1072,38,3.0
1073,Company 1073,4,4.5
1074,Company 1074,34,3.5
1075,Company 1075,35,4.1
1076,Company 1076,31,3.9
1077,Company 1077,16,3.6
1078,Company 1078,6,3.4
1079,Company 1079,46,2.6
1080,Company 1080,37,4.7
1081,Company 1081,37,4.1
1082,Company 1082,40,2.9
1083,Company 1083,49,3.6
1084,Company 1084,11,4.8
1085,Company 1085,13,2.8
1086,Company 1086,28,2.7
1087,Company 1087,44,3.5
1088,Company 1088,41,2.9
1089,Company 1089,39,3.1
1090,Company 1090,47,4.7
1091,Company 1091,5,2.7
1092,Company 1092,36,3.5
1093,Company 1093,21,4.6
1094,Company 1094,34,3.6
1095,Company 1095,1,4.4
1096,Company 1096,40,3.9
1097,Company 1097,27,2.8
1098,Company 1098,10,2.9
1099,Company 1099,38,3.9
1100,Company 1100,7,4.7
1101,Company 1101,37,4.4
1102,Company 1102,19,4.6
1103,Company 1103,23,4.6
1104,Company 1104,17,3.4
1105,Company 1105,32,3.9
1106,Company 1106,31,2.6
1107,Company 1107,18,3.5
1108,Company 1108,40,4.0
1109,Company 1109,45,3.5
1110,Company 1110,26,4.6
1111,Company 1111,22,4.2
1112,Company 1112,4,4.3
1113,Company 1113,18,4.7
1114,Company 1114,2,3.3
1115,Company 1115,20,3.2
1116,Company 1116,32,4.6
1117,Company 1117,44,2.7
1118,Company 1118,15,2.8
1119,Company 1119,48,3.6
1120,Company 1120,21,3.1
1121,Company 1121,27,4.0
1122,Company 1122,6,3.0
1123,Company 1123,14,4.7
1124,Company 1124,27,4.3
1125,Company 1125,49,3.7
1126,Company 1126,24,4.5
1127,Company 1127,33,4.4
1128,Company 1128,5,3.2
1129,Company 1129,33,3.5
1130,Company 1130,50,4.5
1131,Company 1131,37,2.6
1132,Company 1132,13,4.6
1133,Company 1133,13,4.5
1134,Company 1134,16,2.6
1135,Company 1135,4,4.7
1136,Company 1136,46,3.0
1137,Company 1137,24,4.5
1138,Company 1138,33,3.5
1139,Company 1139,8,4.1
1140,Company 1140,16,3.4
1141,Company 1141,39,3.6
1142,Company 1142,31,3.9
1143,Company 1143,23,3.3
1144,Company 1144,17,4.3
1145,Company 1145,45,2.7
1146,Company 1146,2,3.4
1147,Company 1147,11,4.5
1148,Company 1148,50,4.8
1149,Company 1149,15,4.1
1150,Company 1150,44,3.0
1151,Company 1151,42,3.5
1152,Company 1152,2,4.6
1153,Company 1153,50,4.1
1154,Company 1154,31,4.7
1155,Company 1155,42,2.9
1156,Company 1156,1,3.0
1157,Company 1157,39,4.4
1158,Company 1158,20,4.2
1159,Company 1159,46,4.0
1160,Company 1160,28,4.6
1161,Company 1161,23,3.6
1162,Company 1162,14,3.6
1163,Company 1163,44,3.7
1164,Company 1164,40,3.5
1165,Company 1165,7,2.5
1166,Company 1166,43,4.8
1167,Company 1167,24,3.8
1168,Company 1168,39,4.0
1169,Company 1169,20,4.1
1170,Company 1170,31,2.7
1171,Company 1171,18,4.0
1172,Company 1172,18,3.1
1173,Company 1173,46,4.8
1174,Company 1174,42,3.2
1175,Company 1175,10,3.7
1176,Company 1176,16,4.7
1177,Company 1177,39,3.5
1178,Company 1178,21,4.1
1179,Company 1179,47,2.6
1180,Company 1180,32,4.9
1181,Company 1181,17,4.7
1182,Company 1182,26,3.4
1183,Company 1183,3,3.9
1184,Company 1184,37,4.5
1185,Company 1185,22,4.2
1186,Company 1186,15,4.1
1187,Company 1187,41,4.4
1188,Company 1188,43,3.4
1189,Company 1189,20,4.5
1190,Company 1190,43,4.6
1191,Company 1191,12,3.2
1192,Company 1192,31,2.8
1193,Company 1193,17,4.2
1194,Company 1194,36,4.3
1195,Company 1195,12,4.8
1196,Company 1196,22,4.1
1197,Company 1197,15,3.4
1198,Company 1198,48,4.6
1199,Company 1199,27,4.4
1200,Company 1200,22,3.4
1201,Company 1201,38,3.2
1202,Company 1202,8,3.6
1203,Company 1203,41,3.9
1204,Company 1204,40,2.7
1205,Company 1205,13,3.7
1206,Company 1206,44,3.4
1207,Company 1207,20,3.5
1208,Company 1208,10,2.8
1209,Company 1209,13,3.3
1210,Company 1210,37,4.6
1211,Company 1211,30,2.8
1212,Company 1212,46,2.9
1213,Company 1213,6,3.7
1214,Company 1214,41,4.9
1215,Company 1215,21,4.0
1216,Company 1216,1,3.6
1217,Company 1217,14,4.3
1218,Company 1218,11,3.9
1219,Company 1219,11,3.7
1220,Company 1220,49,4.4
1221,Company 1221,9,4.0
1222,Company 1222,41,3.5
1223,Company 1223,28,4.8
1224,Company 1224,25,2.5
1225,Company 1225,35,3.0
1226,Company 1226,24,4.8
1227,Company 1227,21,4.3
1228,Company 1228,34,3.0
1229,Company 1229,44,2.5
1230,Company 1230,47,3.1
1231,Company 1231,45,4.6
1232,Company 1232,20,2.8
1233,Company 1233,25,3.7
1234,Company 1234,20,2.9
1235,Company 1235,3,3.2
1236,Company 1236,19,3.6
1237,Company 1237,34,3.9
1238,Company 1238,22,3.5
1239,Company 1239,44,4.9
1240,Company 1240,22,4.9
1241,Company 1241,32,3.4
1242,Company 1242,13,2.9
1243,Company 1243,26,2.5
1244,Company 1244,15,4.2
1245,Company 1245,9,3.0
1246,Company 1246,2,3.9
1247,Company 1247,11,2.8
1248,Company 1248,46,4.1
1249,Company 1249,3,3.4
1250,Company 1250,41,3.1
1251,Company 1251,35,4.0
1252,Company 1252,39,4.9
1253,Company 1253,43,2.8
1254,Company 1254,2,2.6
1255,Company 1255,8,3.5
1256,Company 1256,25,2.8
1257,Company 1257,17,3.6
1258,Company 1258,10,3.0
1259,Company 1259,44,4.0
1260,Company 1260,20,3.5
1261,Company 1261,7,4.1
1262,Company 1262,18,4.0
1263,Company 1263,45,2.8
1264,Company 1264,7,3.7
1265,Company 1265,40,2.8
1266,Company 1266,8,4.4
1267,Company 1267,32,3.0
1268,Company 1268,13,4.4
1269,Company 1269,34,4.8
1270,Company 1270,23,4.2
1271,Company 1271,19,2.9
1272,Company 1272,36,3.7
1273,Company 1273,14,4.2
1274,Company 1274,31,3.3
1275,Company 1275,1,2.5
1276,Company 1276,6,4.7
1277,Company 1277,37,4.1
1278,Company 1278,10,4.8
1279,Company 1279,50,3.7
1280,Company 1280,47,4.2
1281,Company 1281,17,4.0
1282,Company 1282,30,4.9
1283,Company 1283,19,3.1
1284,Company 1284,4,2.7
1285,Company 1285,12,4.6
1286,Company 1286,19,3.4
1287,Company 1287,44,3.3
1288,Company 1288,48,2.8
1289,Company 1289,49,4.6
1290,Company 1290,1,4.5
1291,Company 1291,43,4.1
1292,Company 1292,22,3.4
1293,Company 1293,29,4.8
1294,Company 1294,18,4.6
1295,Company 1295,6,3.4
1296,Company 1296,22,2.9
1297,Company 1297,26,3.5
1298,Company 1298,30,3.2
1299,Company 1299,25,4.2
1300,Company 1300,31,4.4
1301,Company 1301,42,4.6
1302,Company 1302,11,2.8
1303,Company 1303,45,4.2
1304,Company 1304,11,2.7
1305,Company 1305,38,3.7
1306,Company 1306,37,4.1
1307,Company 1307,12,4.0
1308,Company 1308,50,3.4
1309,Company 1309,2,4.6
1310,Company 1310,47,4.8
1311,Company 1311,9,3.7
1312,Company 1312,32,2.8
1313,Company 1313,27,3.6
1314,Company 1314,5,3.1
1315,Company 1315,21,2.5
1316,Company 1316,44,3.8
1317,Company 1317,48,3.9
1318,Company 1318,37,3.0
1319,Company 1319,43,4.6
1320,Company 1320,34,3.8
1321,Company 1321,45,4.0
1322,Company 1322,28,4.1
1323,Company 1323,16,3.7
1324,Company 1324,43,4.1
1325,Company 1325,25,2.9
1326,Company 1326,36,4.6
1327,Company 1327,40,2.6
1328,Company 1328,42,4.7
1329,Company 1329,33,4.5
1330,Company 1330,32,4.6
1331,Company 1331,5,4.3
1332,Company 1332,21,3.1
1333,Company 1333,18,2.6
1334,Company 1334,15,3.8
1335,Company 1335,25,3.5
1336,Company 1336,16,2.7
1337,Company 1337,29,4.4
1338,Company 1338,29,2.7
1339,Company 1339,32,3.6
1340,Company 1340,8,4.9
1341,Company 1341,48,4.1
1342,Company 1342,7,3.5
1343,Company 1343,3,3.8
1344,Company 1344,1,4.5
1345,Company 1345,39,4.8
1346,Company 1346,41,3.2
1347,Company 1347,33,3.8
1348,Company 1348,42,4.1
1349,Company 1349,22,3.4
1350,Company 1350,4,4.5
1351,Company 1351,30,3.3
1352,Company 1352,50,4.0
1353,Company 1353,31,4.2
1354,Company 1354,24,4.2
1355,Company 1355,8,2.7
1356,Company 1356,43,3.0
1357,Company 1357,22,3.4
1358,Company 1358,41,4.8
1359,Company 1359,19,3.8
1360,Company 1360,24,4.2
1361,Company 1361,3,4.7
1362,Company 1362,32,2.8
1363,Company 1363,46,4.3
1364,Company 1364,27,2.8
1365,Company 1365,40,3.0
1366,Company 1366,8,4.7
1367,Company 1367,26,3.0
1368,Company 1368,13,4.2
1369,Company 1369,7,4.3
1370,Company 1370,3,4.7
1371,Company 1371,44,3.9
1372,Company 1372,50,4.6
1373,Company 1373,30,4.1
1374,Company 1374,33,2.8
1375,Company 1375,32,2.5
1376,Company 1376,48,2.6
1377,Company 1377,28,4.5
1378,Company 1378,31,4.7
1379,Company 1379,50,4.7
1380,Company 1380,12,4.2
1381,Company 1381,12,4.3
1382,Company 1382,9,2.7
1383,Company 1383,43,3.9
1384,Company 1384,21,3.7
1385,Company 1385,25,3.5
1386,Company 1386,39,4.7
1387,Company 1387,49,3.1
1388,Company 1388,26,4.8
1389,Company 1389,19,3.6
1390,Company 1390,9,2.8
1391,Company 1391,39,4.2
1392,Company 1392,48,3.7
1393,Company 1393,45,3.8
1394,Company 1394,21,4.2
1395,Company 1395,36,4.0
1396,Company 1396,13,3.0
1397,Company 1397,46,3.2
1398,Company 1398,23,4.7
1399,Company 1399,9,4.9
1400,Company 1400,42,4.8
1401,Company 1401,12,3.7
1402,Company 1402,45,4.0
1403,Company 1403,46,2.8
1404,Company 1404,23,3.8
1405,Company 1405,38,3.9
1406,Company 1406,43,4.2
1407,Company 1407,44,4.3
1408,Company 1408,35,3.2
1409,Company 1409,28,4.4
1410,Company 1410,34,2.8
1411,Company 1411,25,2.8
1412,Company 1412,43,2.6
1413,Company 1413,18,4.3
1414,Company 1414,11,4.9
1415,Company 1415,44,3.1
1416,Company 1416,4,4.2
1417,Company 1417,19,3.0
1418,Company 1418,35,2.6
1419,Company 1419,29,2.7
1420,Company 1420,44,4.3
1421,Company 1421,15,4.3
1422,Company 1422,36,3.4
1423,Company 1423,33,4.4
1424,Company 1424,45,3.2
1425,Company 1425,43,2.6
1426,Company 1426,25,3.4
1427,Company 1427,44,3.3
1428,Company 1428,36,2.6
1429,Company 1429,48,3.1
1430,Company 1430,40,4.6
1431,Company 1431,29,4.5
1432,Company 1432,41,4.2
1433,Company 1433,42,3.4
1434,Company 1434,38,3.8
1435,Company 1435,39,3.0
1436,Company 1436,47,4.8
1437,Company 1437,19,3.6
1438,Company 1438,44,2.7
1439,Company 1439,12,4.3
1440,Company 1440,8,3.4
1441,Company 1441,28,3.2
1442,Company 1442,17,2.8
1443,Company 1443,38,4.5
1444,Company 1444,1,3.3
1445,Company 1445,46,4.7
1446,Company 1446,3,2.9
1447,Company 1447,21,3.9
1448,Company 1448,50,4.7
1449,Company 1449,40,4.5
1450,Company 1450,20,3.7
1451,Company 1451,37,3.8
1452,Company 1452,5,4.4
1453,Company 1453,21,3.8
1454,Company 1454,12,3.7
1455,Company 1455,33,2.9
1456,Company 1456,35,3.8
1457,Company 1457,6,3.3
1458,Company 1458,14,4.1
1459,Company 1459,22,3.4
1460,Company 1460,14,4.8
1461,Company 1461,40,3.8
1462,Company 1462,36,4.5
1463,Company 1463,42,2.5
1464,Company 1464,43,3.3
1465,Company 1465,16,4.7
1466,Company 1466,40,4.7
1467,Company 1467,16,4.8
1468,Company 1468,44,4.6
1469,Company 1469,25,4.7
1470,Company 1470,8,3.4
1471,Company 1471,35,4.2
1472,Company 1472,2,4.7
1473,Company 1473,50,3.4
1474,Company 1474,33,3.6
1475,Company 1475,3,3.2
1476,Company 1476,42,3.0
1477,Company 1477,33,2.7
1478,Company 1478,7,2.9
1479,Company 1479,50,3.8
1480,Company 1480,1,4.0
1481,Company 1481,14,4.1
1482,Company 1482,50,3.0
1483,Company 1483,44,3.5
1484,Company 1484,7,3.0
1485,Company 1485,45,4.6
1486,Company 1486,48,4.4
1487,Company 1487,42,4.5
1488,Company 1488,5,4.3
1489,Company 1489,10,2.6
1490,Company 1490,46,3.3
1491,Company 1491,6,2.7
1492,Company 1492,12,4.4
1493,Company 1493,36,2.7
1494,Company 1494,15,4.7
1495,Company 1495,27,3.4
1496,Company 1496,41,3.5
1497,Company 1497,21,2.5
1498,Company 1498,44,2.8
1499,Company 1499,1,4.0
1500,Company 1500,40,2.7
1501,Company 1501,48,3.9
1502,Company 1502,45,4.5
1503,Company 1503,23,4.7
1504,Company 1504,7,3.2
1505,Company 1505,44,3.2
1506,Company 1506,6,3.2
1507,Company 1507,29,3.4
1508,Company 1508,43,2.6
1509,Company 1509,11,3.8
1510,Company 1510,9,4.3
1511,Company 1511,35,3.2
1512,Company 1512,41,2.8
1513,Company 1513,44,4.6
1514,Company 1514,47,4.1
1515,Company 1515,1,3.8
1516,Company 1516,36,2.8
1517,Company 1517,3,2.5
1518,Company 1518,39,3.4
1519,Company 1519,36,4.8
1520,Company 1520,20,3.0
1521,Company 1521,48,4.7
1522,Company 1522,23,3.0
1523,Company 1523,42,4.5
1524,Company 1524,10,2.9
1525,Company 1525,15,4.0
1526,Company 1526,17,3.0
1527,Company 1527,12,4.1
1528,Company 1528,37,4.5
1529,Company 1529,49,4.7
1530,Company 1530,36,3.6
1531,Company 1531,36,2.7
1532,Company 1532,43,2.7
1533,Company 1533,7,3.0
1534,Company 1534,38,3.7
1535,Company 1535,22,3.4
1536,Company 1536,43,4.1
1537,Company 1537,7,3.2
1538,Company 1538,5,4.7
1539,Company 1539,21,3.7
1540,Company 1540,22,4.0
1541,Company 1541,20,4.2
1542,Company 1542,10,3.9
1543,Company 1543,24,4.4
1544,Company 1544,28,2.9
1545,Company 1545,21,3.1
1546,Company 1546,15,4.2
1547,Company 1547,42,3.5
1548,Company 1548,24,2.8
1549,Company 1549,47,3.3
1550,Company 1550,31,3.6
1551,Company 1551,23,4.4
1552,Company 1552,32,3.8
1553,Company 1553,12,4.0
1554,Company 1554,6,4.5
1555,Company 1555,9,4.6
1556,Company 1556,13,3.1
1557,Company 1557,41,2.7
1558,Company 1558,5,4.6
1559,Company 1559,33,4.0
1560,Company 1560,38,3.9
1561,Company 1561,50,3.9
1562,Company 1562,3,3.8
1563,Company 1563,35,4.6
1564,Company 1564,35,3.6
1565,Company 1565,50,2.9
1566,Company 1566,26,3.0
1567,Company 1567,50,3.9
1568,Company 1568,19,2.8
1569,Company 1569,33,3.7
1570,Company 1570,26,3.4
1571,Company 1571,1,4.1
1572,Company 1572,40,4.1
1573,Company 1573,49,3.7
1574,Company 1574,29,2.9
1575,Company 1575,37,4.8
1576,Company 1576,43,4.6
1577,Company 1577,10,4.3
1578,Company 1578,31,4.8
1579,Company 1579,3,3.0
1580,Company 1580,32,3.1
1581,Company 1581,17,3.4
1582,Company 1582,3,4.1
1583,Company 1583,34,4.7
1584,Company 1584,24,3.4
1585,Company 1585,30,4.6
1586,Company 1586,3,4.9
1587,Company 1587,21,2.7
1588,Company 1588,34,4.0
1589,Company 1589,18,4.5
1590,Company 1590,17,3.9
1591,Company 1591,37,2.9
1592,Company 1592,42,3.4
1593,Company 1593,38,4.1
1594,Company 1594,5,3.7
1595,Company 1595,25,4.8
1596,Company 1596,15,3.7
1597,Company 1597,23,4.5
1598,Company 1598,23,3.7
1599,Company 1599,31,4.6
1600,Company 1600,1,3.7
1601,Company 1601,9,3.6
1602,Company 1602,15,2.7
1603,Company 1603,42,3.2
1604,Company 1604,10,2.9
1605,Company 1605,24,3.9
1606,Company 1606,8,4.1
1607,Company 1607,27,4.4
1608,Company 1608,47,2.8
1609,Company 1609,44,3.6
1610,Company 1610,14,3.9
1611,Company 1611,42,4.5
1612,Company 1612,2,3.1
1613,Company 1613,9,3.9
1614,Company 1614,11,2.8
1615,Company 1615,33,2.6
1616,Company 1616,37,2.9
1617,Company 1617,11,3.1
1618,Company 1618,12,3.7
1619,Company 1619,26,3.9
1620,Company 1620,37,4.0
1621,Company 1621,47,4.2
1622,Company 1622,19,4.8
1623,Company 1623,14,3.6
1624,Company 1624,31,4.6
1625,Company 1625,11,3.0
1626,Company 1626,27,3.9
1627,Company 1627,38,4.5
1628,Company 1628,12,4.0
1629,Company 1629,33,3.1
1630,Company 1630,47,4.1
1631,Company 1631,30,3.9
1632,Company 1632,5,3.1
1633,Company 1633,25,2.8
1634,Company 1634,2,3.0
1635,Company 1635,33,4.1
1636,Company 1636,10,4.0
1637,Company 1637,12,3.6
1638,Company 1638,40,3.9
1639,Company 1639,35,3.7
1640,Company 1640,8,2.7
1641,Company 1641,43,2.8
1642,Company 1642,39,3.8
1643,Company 1643,1,4.7
1644,Company 1644,50,4.1
1645,Company 1645,28,3.8
1646,Company 1646,24,4.6
1647,Company 1647,45,3.8
1648,Company 1648,15,4.8
1649,Company 1649,31,4.4
1650,Company 1650,25,3.3
1651,Company 1651,48,4.7
1652,Company 1652,45,3.9
1653,Company 1653,28,2.8
1654,Company 1654,31,4.3
1655,Company 1655,6,3.2
1656,Company 1656,35,3.5
1657,Company 1657,13,2.5
1658,Company 1658,48,4.4
1659,Company 1659,37,3.8
1660,Company 1660,34,2.5
1661,Company 1661,42,3.0
1662,Company 1662,21,3.5
1663,Company 1663,7,2.9
1664,Company 1664,42,3.9
1665,Company 1665,17,4.6
1666,Company 1666,28,3.9
1667,Company 1667,40,3.2
1668,Company 1668,44,3.5
1669,Company 1669,14,3.5
1670,Company 1670,36,3.7
1671,Company 1671,24,3.8
1672,Company 1672,31,3.1
1673,Company 1673,20,3.9
1674,Company 1674,50,4.2
1675,Company 1675,48,2.8
1676,Company 1676,43,2.8
1677,Company 1677,15,3.6
1678,Company 1678,45,4.8
1679,Company 1679,7,3.0
1680,Company 1680,26,4.4
1681,Company 1681,36,4.0
1682,Company 1682,44,4.2
1683,Company 1683,11,3.4
1684,Company 1684,41,2.5
1685,Company 1685,6,4.5
1686,Company 1686,31,4.7
1687,Company 1687,28,2.7
1688,Company 1688,17,3.0
1689,Company 1689,6,4.0
1690,Company 1690,47,3.4
1691,Company 1691,26,4.0
1692,Company 1692,34,3.2
1693,Company 1693,39,2.6
1694,Company 1694,50,4.5
1695,Company 1695,41,3.7
1696,Company 1696,1,3.0
1697,Company 1697,43,4.7
1698,Company 1698,34,3.2
1699,Company 1699,3,4.4
1700,Company 1700,33,3.7
1701,Company 1701,15,4.0
1702,Company 1702,44,2.6
1703,Company 1703,16,4.1
1704,Company 1704,11,2.7
1705,Company 1705,18,4.4
1706,Company 1706,23,4.1
1707,Company 1707,26,3.9
1708,Company 1708,34,2.5
1709,Company 1709,46,2.7
1710,Company 1710,6,3.8
1711,Company 1711,47,4.5
1712,Company 1712,38,3.3
1713,Company 1713,18,3.0
1714,Company 1714,13,3.6
1715,Company 1715,26,3.9
1716,Company 1716,17,2.9
1717,Company 1717,33,2.8
1718,Company 1718,5,3.7
1719,Company 1719,22,4.8
1720,Company 1720,33,4.8
1721,Company 1721,35,4.5
1722,Company 1722,37,3.1
1723,Company 1723,29,4.8
1724,Company 1724,37,3.7
1725,Company 1725,16,4.3
1726,Company 1726,50,3.6
1727,Company 1727,30,4.7
1728,Company 1728,2,3.7
1729,Company 1729,17,2.7
1730,Company 1730,41,4.4
1731,Company 1731,15,4.1
1732,Company 1732,15,4.4
1733,Company 1733,27,4.8
1734,Company 1734,34,3.8
1735,Company 1735,45,4.5
1736,Company 1736,16,3.2
1737,Company 1737,26,4.1
1738,Company 1738,22,2.7
1739,Company 1739,12,3.6
1740,Company 1740,23,3.0
1741,Company 1741,37,3.1
1742,Company 1742,48,4.1
1743,Company 1743,13,3.7
1744,Company 1744,13,3.1
1745,Company 1745,16,4.6
1746,Company 1746,14,3.1
1747,Company 1747,16,4.5
1748,Company 1748,23,2.9
1749,Company 1749,7,2.8
1750,Company 1750,6,4.1
1751,Company 1751,43,3.7
1752,Company 1752,1,4.3
1753,Company 1753,35,4.8
1754,Company 1754,31,3.4
1755,Company 1755,21,3.7
1756,Company 1756,37,4.6
1757,Company 1757,32,2.9
1758,Company 1758,49,4.7
1759,Company 1759,18,3.5
1760,Company 1760,49,3.9
1761,Company 1761,4,3.8
1762,Company 1762,28,3.6
1763,Company 1763,35,2.6
1764,Company 1764,23,3.4
1765,Company 1765,44,4.4
1766,Company 1766,30,4.8
1767,Company 1767,45,3.7
1768,Company 1768,21,4.2
1769,Company 1769,1,4.1
1770,Company 1770,25,3.9
1771,Company 1771,21,3.4
1772,Company 1772,17,2.9
1773,Company 1773,17,3.1
1774,Company 1774,31,4.8
1775,Company 1775,22,3.4
1776,Company 1776,32,3.5
1777,Company 1777,27,4.2
1778,Company 1778,24,3.4
1779,Company 1779,26,3.2
1780,Company 1780,12,3.9
1781,Company 1781,37,4.1
1782,Company 1782,7,4.2
1783,Company 1783,16,3.8
1784,Company 1784,25,3.0
1785,Company 1785,48,2.9
1786,Company 1786,1,2.9
1787,Company 1787,32,2.8
1788,Company 1788,41,3.7
1789,Company 1789,47,3.3
1790,Company 1790,32,3.2
1791,Company 1791,36,4.6
1792,Company 1792,4,3.5
1793,Company 1793,45,2.9
1794,Company 1794,14,4.5
1795,Company 1795,31,4.5
1796,Company 1796,7,3.6
1797,Company 1797,22,3.1
1798,Company 1798,24,3.8
1799,Company 1799,17,3.3
1800,Company 1800,27,2.8
1801,Company 1801,44,4.8
1802,Company 1802,13,3.9
1803,Company 1803,42,4.1
1804,Company 1804,12,4.9
1805,Company 1805,19,3.4
1806,Company 1806,44,3.7
1807,Company 1807,50,4.3
1808,Company 1808,6,3.4
1809,Company 1809,19,3.6
1810,Company 1810,10,4.6
1811,Company 1811,41,4.4
1812,Company 1812,22,3.5
1813,Company 1813,40,3.9
1814,Company 1814,5,2.7
1815,Company 1815,22,3.0
1816,Company 1816,21,4.1
1817,Company 1817,46,3.1
1818,Company 1818,42,3.4
1819,Company 1819,29,4.4
1820,Company 1820,24,4.3
1821,Company 1821,34,4.8
1822,Company 1822,27,2.9
1823,Company 1823,2,2.8
1824,Company 1824,16,4.1
1825,Company 1825,48,4.2
1826,Company 1826,6,3.0
1827,Company 1827,26,2.7
1828,Company 1828,5,4.7
1829,Company 1829,31,3.8
1830,Company 1830,2,4.4
1831,Company 1831,34,4.3
1832,Company 1832,6,2.7
1833,Company 1833,40,2.9
1834,Company 1834,42,4.7
1835,Company 1835,25,3.2
1836,Company 1836,16,4.3
1837,Company 1837,29,4.0
1838,Company 1838,9,3.8
1839,Company 1839,11,2.6
1840,Company 1840,43,3.4
1841,Company 1841,21,4.6
1842,Company 1842,30,4.8
1843,Company 1843,35,4.7
1844,Company 1844,36,3.6
1845,Company 1845,45,3.8
1846,Company 1846,38,3.9
1847,Company 1847,41,4.3
1848,Company 1848,37,3.5
1849,Company 1849,41,4.0
1850,Company 1850,20,4.7
1851,Company 1851,31,3.8
1852,Company 1852,6,3.6
1853,Company 1853,24,3.5
1854,Company 1854,10,3.2
1855,Company 1855,1,3.8
1856,Company 1856,49,4.5
1857,Company 1857,23,3.2
1858,Company 1858,35,2.5
1859,Company 1859,32,4.8
1860,Company 1860,31,3.2
1861,Company 1861,50,3.5
1862,Company 1862,19,3.9
1863,Company 1863,1,3.8
1864,Company 1864,13,3.5
1865,Company 1865,36,3.5
1866,Company 1866,16,2.9
1867,Company 1867,48,4.1
1868,Company 1868,25,3.0
1869,Company 1869,6,3.5
1870,Company 1870,16,3.7
1871,Company 1871,40,4.4
1872,Company 1872,44,3.2
1873,Company 1873,42,4.3
1874,Company 1874,18,3.5
1875,Company 1875,5,2.9
1876,Company 1876,19,2.8
1877,Company 1877,30,4.0
1878,Company 1878,18,4.2
1879,Company 1879,32,3.0
1880,Company 1880,2,2.9
1881,Company 1881,35,2.6
1882,Company 1882,7,3.2
1883,Company 1883,9,4.2
1884,Company 1884,47,2.5
1885,Company 1885,6,2.9
1886,Company 1886,32,3.0
1887,Company 1887,27,3.2
1888,Company 1888,32,4.9
1889,Company 1889,30,4.2
1890,Company 1890,3,3.3
1891,Company 1891,49,4.8
1892,Company 1892,4,3.1
1893,Company 1893,26,2.7
1894,Company 1894,31,2.9
1895,Company 1895,17,4.5
1896,Company 1896,1,2.8
1897,Company 1897,50,4.2
1898,Company 1898,25,4.4
1899,Company 1899,29,3.1
1900,Company 1900,3,3.0
1901,Company 1901,48,4.4
1902,Company 1902,34,4.1
1903,Company 1903,14,3.6
1904,Company 1904,44,4.8
1905,Company 1905,21,2.9
1906,Company 1906,47,2.6
1907,Company 1907,36,3.8
1908,Company 1908,17,3.7
1909,Company 1909,20,3.0
1910,Company 1910,4,4.6
1911,Company 1911,14,4.8
1912,Company 1912,16,4.0
1913,Company 1913,21,2.5
1914,Company 1914,18,3.9
1915,Company 1915,26,4.4
1916,Company 1916,1,4.8
1917,Company 1917,38,4.4
1918,Company 1918,31,4.2
1919,Company 1919,10,3.4
1920,Company 1920,6,3.1
1921,Company 1921,32,2.7
1922,Company 1922,40,3.3
1923,Company 1923,49,4.0
1924,Company 1924,4,3.4
1925,Company 1925,10,4.2
1926,Company 1926,7,2.8
1927,Company 1927,15,3.3
1928,Company 1928,36,4.4
1929,Company 1929,49,3.3
1930,Company 1930,29,4.3
1931,Company 1931,2,4.2
1932,Company 1932,23,4.2
1933,Company 1933,17,4.7
1934,Company 1934,32,4.2
1935,Company 1935,36,3.2
1936,Company 1936,45,3.7
1937,Company 1937,37,2.9
1938,Company 1938,23,3.3
1939,Company 1939,30,3.2
1940,Company 1940,39,4.7
1941,Company 1941,36,2.9
1942,Company 1942,34,2.9
1943,Company 1943,19,4.5
1944,Company 1944,35,3.4
1945,Company 1945,1,4.4
1946,Company 1946,33,3.4
1947,Company 1947,12,4.6
1948,Company 1948,40,4.6
1949,Company 1949,50,4.0
1950,Company 1950,21,4.2
1951,Company 1951,43,4.8
1952,Company 1952,25,3.0
1953,Company 1953,44,3.7
1954,Company 1954,36,2.9
1955,Company 1955,19,3.3
1956,Company 1956,42,3.3
1957,Company 1957,7,3.8
1958,Company 1958,5,2.6
1959,Company 1959,9,2.9
1960,Company 1960,3,3.0
1961,Company 1961,32,3.0
1962,Company 1962,3,3.9
1963,Company 1963,25,4.1
1964,Company 1964,34,4.0
1965,Company 1965,38,3.1
1966,Company 1966,24,3.0
1967,Company 1967,46,2.7
1968,Company 1968,14,4.1
1969,Company 1969,6,3.6
1970,Company 1970,41,2.6
1971,Company 1971,36,4.3
1972,Company 1972,27,4.5
1973,Company 1973,46,2.6
1974,Company 1974,40,3.1
1975,Company 1975,3,4.3
1976,Company 1976,20,2.7
1977,Company 1977,14,4.8
1978,Company 1978,7,2.7
1979,Company 1979,15,3.8
1980,Company 1980,13,3.0
1981,Company 1981,43,3.1
1982,Company 1982,41,4.8
1983,Company 1983,36,4.3
1984,Company 1984,27,4.3
1985,Company 1985,50,4.0
1986,Company 1986,23,4.1
1987,Company 1987,45,4.1
1988,Company 1988,7,2.9
1989,Company 1989,12,3.8
1990,Company 1990,33,3.3
1991,Company 1991,11,3.8
1992,Company 1992,39,3.6
1993,Company 1993,23,4.7
1994,Company 1994,36,4.9
1995,Company 1995,21,4.5
1996,Company 1996,27,4.3
1997,Company 1997,28,4.5
1998,Company 1998,21,4.0
1999,Company 1999,37,3.8
2000,Company 2000,25,4.3
